-- MySQL dump 10.13  Distrib 8.0.17, for Win64 (x86_64)
--
-- Host: 10.50.135.121    Database: shishuai
-- ------------------------------------------------------
-- Server version	8.0.17

/*!40101 SET @OLD_CHARACTER_SET_CLIENT=@@CHARACTER_SET_CLIENT */;
/*!40101 SET @OLD_CHARACTER_SET_RESULTS=@@CHARACTER_SET_RESULTS */;
/*!40101 SET @OLD_COLLATION_CONNECTION=@@COLLATION_CONNECTION */;
/*!50503 SET NAMES utf8 */;
/*!40103 SET @OLD_TIME_ZONE=@@TIME_ZONE */;
/*!40103 SET TIME_ZONE='+00:00' */;
/*!40014 SET @OLD_UNIQUE_CHECKS=@@UNIQUE_CHECKS, UNIQUE_CHECKS=0 */;
/*!40014 SET @OLD_FOREIGN_KEY_CHECKS=@@FOREIGN_KEY_CHECKS, FOREIGN_KEY_CHECKS=0 */;
/*!40101 SET @OLD_SQL_MODE=@@SQL_MODE, SQL_MODE='NO_AUTO_VALUE_ON_ZERO' */;
/*!40111 SET @OLD_SQL_NOTES=@@SQL_NOTES, SQL_NOTES=0 */;

--
-- Table structure for table `wffins`
--

DROP TABLE IF EXISTS `wffins`;
/*!40101 SET @saved_cs_client     = @@character_set_client */;
/*!50503 SET character_set_client = utf8mb4 */;
CREATE TABLE `wffins` (
  `ID` char(20) NOT NULL,
  `ServiceID` char(20) DEFAULT NULL,
  `FLOWID` char(20) DEFAULT NULL,
  `DATAID` char(20) NOT NULL,
  `NAME` varchar(200) NOT NULL,
  `STATUS` int(11) NOT NULL,
  `CTASKID` char(20) DEFAULT NULL,
  `CTASKNAME` char(20) DEFAULT NULL,
  `CTASKMEMO` varchar(255) DEFAULT NULL,
  `CUSER` char(8) DEFAULT NULL,
  `CDATE` datetime NOT NULL,
  `EDATE` datetime DEFAULT NULL,
  `WORKNAME` varchar(255) DEFAULT NULL,
  `MONITOR` varchar(255) DEFAULT NULL,
  `CMUSER` varchar(255) DEFAULT NULL,
  `DEADLINE` datetime DEFAULT NULL,
  `OFFICALDATE` datetime DEFAULT NULL,
  `LOCKFLAG` int(11) DEFAULT NULL,
  `TOPFLAG` int(11) DEFAULT NULL,
  PRIMARY KEY (`ID`)
) ENGINE=InnoDB DEFAULT CHARSET=utf8;
/*!40101 SET character_set_client = @saved_cs_client */;

--
-- Dumping data for table `wffins`
--

LOCK TABLES `wffins` WRITE;
/*!40000 ALTER TABLE `wffins` DISABLE KEYS */;
INSERT INTO `wffins` VALUES ('00001PH9EC3TQ0000A02','00001PF1OUJQJ0000A01','00001F493WJRC0000A00','1234','1234',2,NULL,NULL,NULL,NULL,'2019-10-14 16:21:11','2019-10-14 16:21:12',NULL,NULL,NULL,NULL,NULL,NULL,NULL),('00001PH9EI00U0000A0N','00001PF1OUJQJ0000A01','00001F493WJRC0000A00','12342','12342',2,NULL,NULL,NULL,NULL,'2019-10-14 16:21:47','2019-10-14 16:21:47',NULL,NULL,NULL,NULL,NULL,NULL,NULL),('00001PH9G5LC90000A02','00001PF1OUJQJ0000A01','00001F493WJRC0000A00','12342','12342',2,NULL,NULL,NULL,NULL,'2019-10-14 16:27:47','2019-10-14 16:27:48',NULL,NULL,NULL,NULL,NULL,NULL,NULL),('00001PH9G87RU0000A0L','00001PF1OUJQJ0000A01','00001F493WJRC0000A00','1234','1234',2,NULL,NULL,NULL,NULL,'2019-10-14 16:28:03','2019-10-14 16:28:03',NULL,NULL,NULL,NULL,NULL,NULL,NULL),('00001PHA16IE20000A02','00001PF1OUJQJ0000A01','00001F493WJRC0000A00','1234','1234',2,NULL,NULL,NULL,NULL,'2019-10-14 17:44:04','2019-10-14 17:44:06',NULL,NULL,NULL,NULL,NULL,NULL,NULL);
/*!40000 ALTER TABLE `wffins` ENABLE KEYS */;
UNLOCK TABLES;

--
-- Table structure for table `wfflow`
--

DROP TABLE IF EXISTS `wfflow`;
/*!40101 SET @saved_cs_client     = @@character_set_client */;
/*!50503 SET character_set_client = utf8mb4 */;
CREATE TABLE `wfflow` (
  `ID` char(20) NOT NULL,
  `serviceid` varchar(20) NOT NULL,
  `CUSER` varchar(8) NOT NULL,
  `CDATE` datetime NOT NULL,
  `version` int(11) DEFAULT '1',
  `released` int(11) DEFAULT '0',
  `releasedate` datetime DEFAULT NULL,
  `istemplate` int(11) DEFAULT '1',
  `baseflowid` varchar(20) DEFAULT '',
  PRIMARY KEY (`ID`),
  UNIQUE KEY `index_wfflow_idversion` (`ID`,`version`)
) ENGINE=InnoDB DEFAULT CHARSET=utf8;
/*!40101 SET character_set_client = @saved_cs_client */;

--
-- Dumping data for table `wfflow`
--

LOCK TABLES `wfflow` WRITE;
/*!40000 ALTER TABLE `wfflow` DISABLE KEYS */;
INSERT INTO `wfflow` VALUES ('00001F493WJRC0000A00','00001PF1OUJQJ0000A01','00000000','2019-09-14 09:45:32',1,1,'2019-10-07 11:24:35',1,''),('00001PF1YBWTK0000A01','00001PF1OUJQJ0000A01','00000000','2019-09-14 09:45:32',2,1,'2019-10-07 13:20:23',1,'');
/*!40000 ALTER TABLE `wfflow` ENABLE KEYS */;
UNLOCK TABLES;

--
-- Table structure for table `wflink`
--

DROP TABLE IF EXISTS `wflink`;
/*!40101 SET @saved_cs_client     = @@character_set_client */;
/*!50503 SET character_set_client = utf8mb4 */;
CREATE TABLE `wflink` (
  `ID` char(20) NOT NULL,
  `FLOWID` char(20) DEFAULT NULL,
  `BEGINTASKID` char(20) NOT NULL,
  `ENDTASKID` char(20) NOT NULL,
  `PRIORITY` int(11) NOT NULL DEFAULT '0',
  `MEMO` varchar(200) DEFAULT NULL,
  `LINETYPE` varchar(255) DEFAULT NULL,
  `FILTER` varchar(1024) NOT NULL DEFAULT '',
  PRIMARY KEY (`ID`)
) ENGINE=InnoDB DEFAULT CHARSET=utf8;
/*!40101 SET character_set_client = @saved_cs_client */;

--
-- Dumping data for table `wflink`
--

LOCK TABLES `wflink` WRITE;
/*!40000 ALTER TABLE `wflink` DISABLE KEYS */;
INSERT INTO `wflink` VALUES ('00001P80DWBN90000A0R','00001F493WJRC0000A00','00001P80DSVHH0000A0P','00001P804TAWG0000A0J',0,NULL,NULL,''),('00001P80DWBNP0000A0S','00001F493WJRC0000A00','00001P80DSVHH0000A0P','00001P804PK5Z0000A0G',0,NULL,NULL,''),('00001P80DWBNX0000A0T','00001F493WJRC0000A00','00001P804PK5Z0000A0G','00001P804UKV70000A0K',0,NULL,NULL,''),('00001P8FXV0TF0000A03','00001F493WJRC0000A00','00001P8FXS5H80000A01','00001P80460T60000A0D',0,NULL,NULL,''),('00001P8H9D14V0000A03','00001F493WJRC0000A00','00001P804UKV70000A0K','00001P8H91ONT0000A01',0,NULL,NULL,''),('00001P8H9D15X0000A04','00001F493WJRC0000A00','00001P8H91ONT0000A01','00001P8FXS5H80000A01',5,NULL,NULL,'{\"ChildFilters\":[{\"ChildFilters\":null,\"And\":false,\"OperateMode\":3,\"Not\":false,\"FilterName\":\"dataid\",\"FilterValue\":1234,\"FilterDisplay\":null}],\"And\":true,\"OperateMode\":0,\"Not\":false,\"FilterName\":null,\"FilterValue\":null,\"FilterDisplay\":\"\"}'),('00001P8H9D1650000A05','00001F493WJRC0000A00','00001P8H91ONT0000A01','00001P80460T60000A0D',4,NULL,NULL,''),('00001PE7Z055O0000A01','00001F493WJRC0000A00','00001P803JD1X0000A0B','00001P85PU9KI0000A04',3,NULL,NULL,''),('00001PE9UL9NW0000A05','00001F493WJRC0000A00','00001P85PU9KI0000A04','00001P80DSVHH0000A0P',0,NULL,NULL,''),('00001PE9XY8JU0000A07','00001F493WJRC0000A00','00001P804TAWG0000A0J','00001PE9XWVQT0000A06',0,NULL,NULL,''),('00001PE9XY8KH0000A08','00001F493WJRC0000A00','00001PE9XWVQT0000A06','00001P804UKV70000A0K',0,NULL,NULL,''),('00001PF28RQCR0000A0I','00001PF1YBWTK0000A01','00001PF21G8IO0000A02','00001PF28Q0F40000A0G',0,NULL,NULL,''),('00001PF28RQCY0000A0J','00001PF1YBWTK0000A01','00001PF28Q0F40000A0G','00001PF21GHPM0000A03',0,NULL,NULL,''),('00001PH6HS9QA0000A03','00001F493WJRC0000A00','00001PH6HO9C00000A01','00001P80DSVHH0000A0P',0,NULL,NULL,''),('00001PH6HUGUK0000A04','00001PF1YBWTK0000A01','00001PF21G8IO0000A02','00001PH6CI5XL0000A01',0,NULL,NULL,''),('00001PH6HZLGN0000A09','00001PF1YBWTK0000A01','00001PH6CI5XL0000A01','00001PF21GHPM0000A03',0,NULL,NULL,''),('00001PH6M5Y1U0000A06','00001F493WJRC0000A00','00001P803JD1X0000A0B','00001PH6M52GD0000A05',5,NULL,NULL,'{\"ChildFilters\":[{\"ChildFilters\":null,\"And\":false,\"OperateMode\":3,\"Not\":false,\"FilterName\":\"dataid\",\"FilterValue\":1234,\"FilterDisplay\":null}],\"And\":true,\"OperateMode\":0,\"Not\":false,\"FilterName\":null,\"FilterValue\":null,\"FilterDisplay\":\"\"}'),('00001PH6N9XBR0000A08','00001F493WJRC0000A00','00001PH6M52GD0000A05','00001P80DSVHH0000A0P',0,NULL,NULL,'');
/*!40000 ALTER TABLE `wflink` ENABLE KEYS */;
UNLOCK TABLES;

--
-- Table structure for table `wfoins`
--

DROP TABLE IF EXISTS `wfoins`;
/*!40101 SET @saved_cs_client     = @@character_set_client */;
/*!50503 SET character_set_client = utf8mb4 */;
CREATE TABLE `wfoins` (
  `ID` char(20) NOT NULL,
  `FLOWID` char(20) NOT NULL,
  `FINSID` char(20) NOT NULL,
  `TASKID` char(20) NOT NULL,
  `TINSID` char(20) DEFAULT NULL,
  `USERID` varchar(20) DEFAULT NULL,
  `OMEMO` varchar(255) DEFAULT NULL,
  `OCMD` char(20) DEFAULT NULL,
  `SDATE` datetime DEFAULT NULL,
  `EDATE` datetime DEFAULT NULL,
  `TYPE` varchar(255) DEFAULT NULL,
  `FUSERID` varchar(255) DEFAULT NULL,
  `DEADLINE` datetime DEFAULT NULL,
  `LASTALERT` datetime DEFAULT NULL,
  `ISHASTEN` int(11) DEFAULT NULL,
  `ALARMNUMS` decimal(18,6) DEFAULT NULL,
  `OCMDDIS` varchar(255) DEFAULT NULL,
  `TAG` varchar(40) DEFAULT NULL,
  `OMEMOTYPE` varchar(255) DEFAULT NULL,
  PRIMARY KEY (`ID`)
) ENGINE=InnoDB DEFAULT CHARSET=utf8;
/*!40101 SET character_set_client = @saved_cs_client */;

--
-- Dumping data for table `wfoins`
--

LOCK TABLES `wfoins` WRITE;
/*!40000 ALTER TABLE `wfoins` DISABLE KEYS */;
/*!40000 ALTER TABLE `wfoins` ENABLE KEYS */;
UNLOCK TABLES;

--
-- Table structure for table `wfservice`
--

DROP TABLE IF EXISTS `wfservice`;
/*!40101 SET @saved_cs_client     = @@character_set_client */;
/*!50503 SET character_set_client = utf8mb4 */;
CREATE TABLE `wfservice` (
  `id` char(20) NOT NULL,
  `cuser` varchar(8) NOT NULL,
  `cdate` datetime NOT NULL,
  `name` varchar(255) DEFAULT NULL,
  `orderid` int(11) DEFAULT NULL,
  `currentflowid` varchar(20) NOT NULL DEFAULT '',
  `datatemplate` varchar(512) DEFAULT NULL,
  PRIMARY KEY (`id`)
) ENGINE=InnoDB DEFAULT CHARSET=utf8;
/*!40101 SET character_set_client = @saved_cs_client */;

--
-- Dumping data for table `wfservice`
--

LOCK TABLES `wfservice` WRITE;
/*!40000 ALTER TABLE `wfservice` DISABLE KEYS */;
INSERT INTO `wfservice` VALUES ('00001PF1OUJQJ0000A01','00000000','2019-09-14 09:45:32','测试流程',1,'00001F493WJRC0000A00','{\"dataid\":\",\"orgid\":\",\"category\":\"}');
/*!40000 ALTER TABLE `wfservice` ENABLE KEYS */;
UNLOCK TABLES;

--
-- Table structure for table `wftask`
--

DROP TABLE IF EXISTS `wftask`;
/*!40101 SET @saved_cs_client     = @@character_set_client */;
/*!50503 SET character_set_client = utf8mb4 */;
CREATE TABLE `wftask` (
  `ID` char(20) NOT NULL,
  `FLOWID` char(20) NOT NULL,
  `NAME` varchar(200) NOT NULL,
  `TYPE` int(11) NOT NULL,
  `X` varchar(255) NOT NULL,
  `Y` varchar(255) NOT NULL,
  `MEMO` varchar(255) DEFAULT NULL,
  `ORDERID` decimal(18,6) DEFAULT NULL,
  PRIMARY KEY (`ID`)
) ENGINE=InnoDB DEFAULT CHARSET=utf8;
/*!40101 SET character_set_client = @saved_cs_client */;

--
-- Dumping data for table `wftask`
--

LOCK TABLES `wftask` WRITE;
/*!40000 ALTER TABLE `wftask` DISABLE KEYS */;
INSERT INTO `wftask` VALUES ('00001P803JD1X0000A0B','00001F493WJRC0000A00','开始',1,'-7px','120px',NULL,NULL),('00001P80460T60000A0D','00001F493WJRC0000A00','结束',2,'1064px','93px',NULL,NULL),('00001P804PK5Z0000A0G','00001F493WJRC0000A00','异步任务1',4,'300px','196px',NULL,NULL),('00001P804TAWG0000A0J','00001F493WJRC0000A00','异步任务2',4,'304px','18px',NULL,NULL),('00001P804UKV70000A0K','00001F493WJRC0000A00','聚合',6,'576px','118px',NULL,NULL),('00001P80DSVHH0000A0P','00001F493WJRC0000A00','并行任务',5,'183px','91px',NULL,NULL),('00001P85PU9KI0000A04','00001F493WJRC0000A00','同步任务1',3,'64px','196px',NULL,NULL),('00001P8FXS5H80000A01','00001F493WJRC0000A00','同步任务3',3,'859px','14px',NULL,NULL),('00001P8H91ONT0000A01','00001F493WJRC0000A00','决策节点',7,'717px','102px',NULL,NULL),('00001PE9XWVQT0000A06','00001F493WJRC0000A00','同步任务2',3,'438px','10px',NULL,NULL),('00001PF21G8IO0000A02','00001PF1YBWTK0000A01','开始',1,'112px','130px',NULL,NULL),('00001PF21GHPM0000A03','00001PF1YBWTK0000A01','结束',2,'983px','123px',NULL,NULL),('00001PF28Q0F40000A0G','00001PF1YBWTK0000A01','123',3,'565px','292px',NULL,NULL),('00001PH6CI5XL0000A01','00001PF1YBWTK0000A01','1231231',3,'504px','62px',NULL,NULL),('00001PH6M52GD0000A05','00001F493WJRC0000A00','节点NaN',3,'51px','27px',NULL,NULL);
/*!40000 ALTER TABLE `wftask` ENABLE KEYS */;
UNLOCK TABLES;

--
-- Table structure for table `wftasksetting`
--

DROP TABLE IF EXISTS `wftasksetting`;
/*!40101 SET @saved_cs_client     = @@character_set_client */;
/*!50503 SET character_set_client = utf8mb4 */;
CREATE TABLE `wftasksetting` (
  `id` char(20) NOT NULL,
  `datatemplate` varchar(512) DEFAULT '',
  `jobs` varchar(512) DEFAULT '',
  PRIMARY KEY (`id`)
) ENGINE=InnoDB DEFAULT CHARSET=utf8;
/*!40101 SET character_set_client = @saved_cs_client */;

--
-- Dumping data for table `wftasksetting`
--

LOCK TABLES `wftasksetting` WRITE;
/*!40000 ALTER TABLE `wftasksetting` DISABLE KEYS */;
INSERT INTO `wftasksetting` VALUES ('00001P804PK5Z0000A0G','',''),('00001P804TAWG0000A0J','',''),('00001P8H91ONT0000A01','','');
/*!40000 ALTER TABLE `wftasksetting` ENABLE KEYS */;
UNLOCK TABLES;

--
-- Table structure for table `wftdata`
--

DROP TABLE IF EXISTS `wftdata`;
/*!40101 SET @saved_cs_client     = @@character_set_client */;
/*!50503 SET character_set_client = utf8mb4 */;
CREATE TABLE `wftdata` (
  `ID` char(20) NOT NULL,
  `FLOWID` char(20) NOT NULL,
  `FINSID` char(20) DEFAULT NULL,
  `TASKID` char(20) NOT NULL,
  `TINSID` char(20) DEFAULT NULL,
  `CDATE` datetime DEFAULT NULL,
  `JSONDATA` varchar(255) DEFAULT NULL,
  PRIMARY KEY (`ID`)
) ENGINE=InnoDB DEFAULT CHARSET=utf8;
/*!40101 SET character_set_client = @saved_cs_client */;

--
-- Dumping data for table `wftdata`
--

LOCK TABLES `wftdata` WRITE;
/*!40000 ALTER TABLE `wftdata` DISABLE KEYS */;
INSERT INTO `wftdata` VALUES ('00001PH9EC3LL0000A01','00001F493WJRC0000A00',NULL,'00001P803JD1X0000A0B',NULL,'2019-10-14 16:21:11','{\"dataid\":\"1234\"}'),('00001PH9EC8W40000A0I','00001F493WJRC0000A00','','00001P8H91ONT0000A01','','2019-10-14 16:21:12','{\"dataid\":\"1234\"}'),('00001PH9EHZZZ0000A0M','00001F493WJRC0000A00',NULL,'00001P803JD1X0000A0B',NULL,'2019-10-14 16:21:47','{\"dataid\":\"12342\"}'),('00001PH9EI23N0000A13','00001F493WJRC0000A00','','00001P8H91ONT0000A01','','2019-10-14 16:21:47','{\"dataid\":\"12342\"}'),('00001PH9G5L4K0000A01','00001F493WJRC0000A00',NULL,'00001P803JD1X0000A0B',NULL,'2019-10-14 16:27:47','{\"dataid\":\"12342\"}'),('00001PH9G5QFJ0000A0I','00001F493WJRC0000A00','','00001P8H91ONT0000A01','','2019-10-14 16:27:48','{\"dataid\":\"12342\"}'),('00001PH9G87QJ0000A0K','00001F493WJRC0000A00',NULL,'00001P803JD1X0000A0B',NULL,'2019-10-14 16:28:03','{\"dataid\":\"1234\"}'),('00001PH9G89ZK0000A11','00001F493WJRC0000A00','','00001P8H91ONT0000A01','','2019-10-14 16:28:03','{\"dataid\":\"1234\"}'),('00001PHA16I5H0000A01','00001F493WJRC0000A00',NULL,'00001P803JD1X0000A0B',NULL,'2019-10-14 17:44:04','{\"dataid\":\"1234\"}'),('00001PHA16UJY0000A0I','00001F493WJRC0000A00','','00001P8H91ONT0000A01','','2019-10-14 17:44:06','{\"dataid\":\"1234\"}');
/*!40000 ALTER TABLE `wftdata` ENABLE KEYS */;
UNLOCK TABLES;

--
-- Table structure for table `wftevent`
--

DROP TABLE IF EXISTS `wftevent`;
/*!40101 SET @saved_cs_client     = @@character_set_client */;
/*!50503 SET character_set_client = utf8mb4 */;
CREATE TABLE `wftevent` (
  `ID` char(20) NOT NULL,
  `FLOWID` char(20) NOT NULL,
  `FINSID` char(20) NOT NULL,
  `TASKID` char(20) NOT NULL,
  `status` int(11) NOT NULL DEFAULT '0',
  `cdate` datetime NOT NULL,
  `processdate` datetime DEFAULT NULL,
  `dataid` varchar(20) DEFAULT NULL,
  `tinsid` varchar(20) NOT NULL,
  `waitcallback` int(11) NOT NULL DEFAULT '0',
  `callbackdate` datetime DEFAULT NULL
) ENGINE=InnoDB DEFAULT CHARSET=utf8;
/*!40101 SET character_set_client = @saved_cs_client */;

--
-- Dumping data for table `wftevent`
--

LOCK TABLES `wftevent` WRITE;
/*!40000 ALTER TABLE `wftevent` DISABLE KEYS */;
INSERT INTO `wftevent` VALUES ('00001PH9EC4DV0000A05','00001F493WJRC0000A00','00001PH9EC3TQ0000A02','00001PH6M52GD0000A05',1,'2019-10-14 16:21:11','2019-10-14 16:21:11','1234','00001PH9EC4D00000A04',0,NULL),('00001PH9EC4S80000A07','00001F493WJRC0000A00','00001PH9EC3TQ0000A02','00001P80DSVHH0000A0P',1,'2019-10-14 16:21:11','2019-10-14 16:21:11','1234','00001PH9EC4RT0000A06',0,NULL),('00001PH9EC5480000A09','00001F493WJRC0000A00','00001PH9EC3TQ0000A02','00001P804PK5Z0000A0G',1,'2019-10-14 16:21:11','2019-10-14 16:21:11','1234','00001PH9EC53T0000A08',0,'2019-10-14 16:21:11'),('00001PH9EC5530000A0B','00001F493WJRC0000A00','00001PH9EC3TQ0000A02','00001P804TAWG0000A0J',1,'2019-10-14 16:21:11','2019-10-14 16:21:11','1234','00001PH9EC54O0000A0A',0,'2019-10-14 16:21:12'),('00001PH9EC84P0000A0D','00001F493WJRC0000A00','00001PH9EC3TQ0000A02','00001PE9XWVQT0000A06',1,'2019-10-14 16:21:12','2019-10-14 16:21:12','1234','00001PH9EC8490000A0C',0,NULL),('00001PH9EC8ER0000A0F','00001F493WJRC0000A00','00001PH9EC3TQ0000A02','00001P804UKV70000A0K',1,'2019-10-14 16:21:12','2019-10-14 16:21:12','1234','00001PH9EC8EC0000A0E',0,NULL),('00001PH9EC8N40000A0H','00001F493WJRC0000A00','00001PH9EC3TQ0000A02','00001P8H91ONT0000A01',1,'2019-10-14 16:21:12','2019-10-14 16:21:12','1234','00001PH9EC8MP0000A0G',0,NULL),('00001PH9EC9070000A0K','00001F493WJRC0000A00','00001PH9EC3TQ0000A02','00001P8FXS5H80000A01',1,'2019-10-14 16:21:12','2019-10-14 16:21:12','1234','00001PH9EC8ZZ0000A0J',0,NULL),('00001PH9EI04P0000A0Q','00001F493WJRC0000A00','00001PH9EI00U0000A0N','00001P85PU9KI0000A04',1,'2019-10-14 16:21:47','2019-10-14 16:21:47','12342','00001PH9EI0410000A0P',0,NULL),('00001PH9EI0E40000A0S','00001F493WJRC0000A00','00001PH9EI00U0000A0N','00001P80DSVHH0000A0P',1,'2019-10-14 16:21:47','2019-10-14 16:21:47','12342','00001PH9EI0D90000A0R',0,NULL),('00001PH9EI0RE0000A0U','00001F493WJRC0000A00','00001PH9EI00U0000A0N','00001P804PK5Z0000A0G',1,'2019-10-14 16:21:47','2019-10-14 16:21:47','12342','00001PH9EI0QR0000A0T',0,'2019-10-14 16:21:47'),('00001PH9EI0T40000A0W','00001F493WJRC0000A00','00001PH9EI00U0000A0N','00001P804TAWG0000A0J',1,'2019-10-14 16:21:47','2019-10-14 16:21:47','12342','00001PH9EI0SH0000A0V',0,'2019-10-14 16:21:47'),('00001PH9EI1BC0000A0Y','00001F493WJRC0000A00','00001PH9EI00U0000A0N','00001PE9XWVQT0000A06',1,'2019-10-14 16:21:47','2019-10-14 16:21:47','12342','00001PH9EI1AH0000A0X',0,NULL),('00001PH9EI1MA0000A10','00001F493WJRC0000A00','00001PH9EI00U0000A0N','00001P804UKV70000A0K',1,'2019-10-14 16:21:47','2019-10-14 16:21:47','12342','00001PH9EI1LM0000A0Z',0,NULL),('00001PH9EI1XN0000A12','00001F493WJRC0000A00','00001PH9EI00U0000A0N','00001P8H91ONT0000A01',1,'2019-10-14 16:21:47','2019-10-14 16:21:47','12342','00001PH9EI1X70000A11',0,NULL),('00001PH9G5LYZ0000A05','00001F493WJRC0000A00','00001PH9G5LC90000A02','00001P85PU9KI0000A04',1,'2019-10-14 16:27:47','2019-10-14 16:27:47','12342','00001PH9G5LXX0000A04',0,NULL),('00001PH9G5MBU0000A07','00001F493WJRC0000A00','00001PH9G5LC90000A02','00001P80DSVHH0000A0P',1,'2019-10-14 16:27:47','2019-10-14 16:27:47','12342','00001PH9G5MBF0000A06',0,NULL),('00001PH9G5MOI0000A09','00001F493WJRC0000A00','00001PH9G5LC90000A02','00001P804PK5Z0000A0G',1,'2019-10-14 16:27:47','2019-10-14 16:27:47','12342','00001PH9G5MNN0000A08',0,'2019-10-14 16:27:47'),('00001PH9G5MPK0000A0B','00001F493WJRC0000A00','00001PH9G5LC90000A02','00001P804TAWG0000A0J',1,'2019-10-14 16:27:47','2019-10-14 16:27:47','12342','00001PH9G5MP50000A0A',0,'2019-10-14 16:27:47'),('00001PH9G5NCI0000A0D','00001F493WJRC0000A00','00001PH9G5LC90000A02','00001PE9XWVQT0000A06',1,'2019-10-14 16:27:47','2019-10-14 16:27:48','12342','00001PH9G5NC20000A0C',0,NULL),('00001PH9G5PXY0000A0F','00001F493WJRC0000A00','00001PH9G5LC90000A02','00001P804UKV70000A0K',1,'2019-10-14 16:27:48','2019-10-14 16:27:48','12342','00001PH9G5PXJ0000A0E',0,NULL),('00001PH9G5Q6Q0000A0H','00001F493WJRC0000A00','00001PH9G5LC90000A02','00001P8H91ONT0000A01',1,'2019-10-14 16:27:48','2019-10-14 16:27:48','12342','00001PH9G5Q6B0000A0G',0,NULL),('00001PH9G87UM0000A0O','00001F493WJRC0000A00','00001PH9G87RU0000A0L','00001PH6M52GD0000A05',1,'2019-10-14 16:28:03','2019-10-14 16:28:03','1234','00001PH9G87U70000A0N',0,NULL),('00001PH9G88420000A0Q','00001F493WJRC0000A00','00001PH9G87RU0000A0L','00001P80DSVHH0000A0P',1,'2019-10-14 16:28:03','2019-10-14 16:28:03','1234','00001PH9G883E0000A0P',0,NULL),('00001PH9G88FF0000A0S','00001F493WJRC0000A00','00001PH9G87RU0000A0L','00001P804PK5Z0000A0G',1,'2019-10-14 16:28:03','2019-10-14 16:28:03','1234','00001PH9G88EZ0000A0R',0,'2019-10-14 16:28:03'),('00001PH9G88G20000A0U','00001F493WJRC0000A00','00001PH9G87RU0000A0L','00001P804TAWG0000A0J',1,'2019-10-14 16:28:03','2019-10-14 16:28:03','1234','00001PH9G88FU0000A0T',0,'2019-10-14 16:28:03'),('00001PH9G892C0000A0W','00001F493WJRC0000A00','00001PH9G87RU0000A0L','00001PE9XWVQT0000A06',1,'2019-10-14 16:28:03','2019-10-14 16:28:03','1234','00001PH9G891P0000A0V',0,NULL),('00001PH9G89DX0000A0Y','00001F493WJRC0000A00','00001PH9G87RU0000A0L','00001P804UKV70000A0K',1,'2019-10-14 16:28:03','2019-10-14 16:28:03','1234','00001PH9G89DH0000A0X',0,NULL),('00001PH9G89QK0000A10','00001F493WJRC0000A00','00001PH9G87RU0000A0L','00001P8H91ONT0000A01',1,'2019-10-14 16:28:03','2019-10-14 16:28:03','1234','00001PH9G89PX0000A0Z',0,NULL),('00001PH9G8A420000A13','00001F493WJRC0000A00','00001PH9G87RU0000A0L','00001P8FXS5H80000A01',1,'2019-10-14 16:28:03','2019-10-14 16:28:03','1234','00001PH9G8A3N0000A12',0,NULL),('00001PHA16IXK0000A05','00001F493WJRC0000A00','00001PHA16IE20000A02','00001PH6M52GD0000A05',1,'2019-10-14 17:44:04','2019-10-14 17:44:05','1234','00001PHA16IWP0000A04',0,NULL),('00001PHA16QF70000A07','00001F493WJRC0000A00','00001PHA16IE20000A02','00001P80DSVHH0000A0P',1,'2019-10-14 17:44:05','2019-10-14 17:44:05','1234','00001PHA16QES0000A06',0,NULL),('00001PHA16QO70000A09','00001F493WJRC0000A00','00001PHA16IE20000A02','00001P804PK5Z0000A0G',1,'2019-10-14 17:44:05','2019-10-14 17:44:05','1234','00001PHA16QNK0000A08',0,'2019-10-14 17:44:06'),('00001PHA16QP20000A0B','00001F493WJRC0000A00','00001PHA16IE20000A02','00001P804TAWG0000A0J',1,'2019-10-14 17:44:05','2019-10-14 17:44:06','1234','00001PHA16QOM0000A0A',0,'2019-10-14 17:44:06'),('00001PHA16TSI0000A0D','00001F493WJRC0000A00','00001PHA16IE20000A02','00001PE9XWVQT0000A06',1,'2019-10-14 17:44:06','2019-10-14 17:44:06','1234','00001PHA16TS30000A0C',0,NULL),('00001PHA16U2L0000A0F','00001F493WJRC0000A00','00001PHA16IE20000A02','00001P804UKV70000A0K',1,'2019-10-14 17:44:06','2019-10-14 17:44:06','1234','00001PHA16U250000A0E',0,NULL),('00001PHA16UDB0000A0H','00001F493WJRC0000A00','00001PHA16IE20000A02','00001P8H91ONT0000A01',1,'2019-10-14 17:44:06','2019-10-14 17:44:06','1234','00001PHA16UCV0000A0G',0,NULL),('00001PHA16UOG0000A0K','00001F493WJRC0000A00','00001PHA16IE20000A02','00001P8FXS5H80000A01',1,'2019-10-14 17:44:06','2019-10-14 17:44:06','1234','00001PHA16UO10000A0J',0,NULL);
/*!40000 ALTER TABLE `wftevent` ENABLE KEYS */;
UNLOCK TABLES;

--
-- Table structure for table `wftins`
--

DROP TABLE IF EXISTS `wftins`;
/*!40101 SET @saved_cs_client     = @@character_set_client */;
/*!50503 SET character_set_client = utf8mb4 */;
CREATE TABLE `wftins` (
  `ID` char(20) NOT NULL,
  `FLOWID` char(20) NOT NULL,
  `FINSID` char(20) DEFAULT NULL,
  `TASKID` char(20) NOT NULL,
  `TASKNAME` varchar(200) NOT NULL,
  `PRETASKID` char(20) DEFAULT NULL,
  `SDATE` datetime DEFAULT NULL,
  `EDATE` datetime DEFAULT NULL,
  `MEMO` varchar(255) DEFAULT NULL,
  `DEADLINE` datetime DEFAULT NULL,
  PRIMARY KEY (`ID`)
) ENGINE=InnoDB DEFAULT CHARSET=utf8;
/*!40101 SET character_set_client = @saved_cs_client */;

--
-- Dumping data for table `wftins`
--

LOCK TABLES `wftins` WRITE;
/*!40000 ALTER TABLE `wftins` DISABLE KEYS */;
INSERT INTO `wftins` VALUES ('00001PH9EC3WQ0000A03','00001F493WJRC0000A00','00001PH9EC3TQ0000A02','00001P803JD1X0000A0B','开始',NULL,'2019-10-14 16:21:11','2019-10-14 16:21:11',NULL,NULL),('00001PH9EC4D00000A04','00001F493WJRC0000A00','00001PH9EC3TQ0000A02','00001PH6M52GD0000A05','节点NaN',NULL,'2019-10-14 16:21:11','2019-10-14 16:21:11',NULL,NULL),('00001PH9EC4RT0000A06','00001F493WJRC0000A00','00001PH9EC3TQ0000A02','00001P80DSVHH0000A0P','并行任务',NULL,'2019-10-14 16:21:11','2019-10-14 16:21:11',NULL,NULL),('00001PH9EC53T0000A08','00001F493WJRC0000A00','00001PH9EC3TQ0000A02','00001P804PK5Z0000A0G','异步任务1',NULL,'2019-10-14 16:21:11','2019-10-14 16:21:11',NULL,NULL),('00001PH9EC54O0000A0A','00001F493WJRC0000A00','00001PH9EC3TQ0000A02','00001P804TAWG0000A0J','异步任务2',NULL,'2019-10-14 16:21:11','2019-10-14 16:21:12',NULL,NULL),('00001PH9EC8490000A0C','00001F493WJRC0000A00','00001PH9EC3TQ0000A02','00001PE9XWVQT0000A06','同步任务2',NULL,'2019-10-14 16:21:12','2019-10-14 16:21:12',NULL,NULL),('00001PH9EC8EC0000A0E','00001F493WJRC0000A00','00001PH9EC3TQ0000A02','00001P804UKV70000A0K','聚合',NULL,'2019-10-14 16:21:12','2019-10-14 16:21:12',NULL,NULL),('00001PH9EC8MP0000A0G','00001F493WJRC0000A00','00001PH9EC3TQ0000A02','00001P8H91ONT0000A01','决策节点',NULL,'2019-10-14 16:21:12','2019-10-14 16:21:12',NULL,NULL),('00001PH9EC8ZZ0000A0J','00001F493WJRC0000A00','00001PH9EC3TQ0000A02','00001P8FXS5H80000A01','同步任务3',NULL,'2019-10-14 16:21:12','2019-10-14 16:21:12',NULL,NULL),('00001PH9EC9AA0000A0L','00001F493WJRC0000A00','00001PH9EC3TQ0000A02','00001P80460T60000A0D','结束',NULL,'2019-10-14 16:21:12','2019-10-14 16:21:12',NULL,NULL),('00001PH9EI01W0000A0O','00001F493WJRC0000A00','00001PH9EI00U0000A0N','00001P803JD1X0000A0B','开始',NULL,'2019-10-14 16:21:47','2019-10-14 16:21:47',NULL,NULL),('00001PH9EI0410000A0P','00001F493WJRC0000A00','00001PH9EI00U0000A0N','00001P85PU9KI0000A04','同步任务1',NULL,'2019-10-14 16:21:47','2019-10-14 16:21:47',NULL,NULL),('00001PH9EI0D90000A0R','00001F493WJRC0000A00','00001PH9EI00U0000A0N','00001P80DSVHH0000A0P','并行任务',NULL,'2019-10-14 16:21:47','2019-10-14 16:21:47',NULL,NULL),('00001PH9EI0QR0000A0T','00001F493WJRC0000A00','00001PH9EI00U0000A0N','00001P804PK5Z0000A0G','异步任务1',NULL,'2019-10-14 16:21:47','2019-10-14 16:21:47',NULL,NULL),('00001PH9EI0SH0000A0V','00001F493WJRC0000A00','00001PH9EI00U0000A0N','00001P804TAWG0000A0J','异步任务2',NULL,'2019-10-14 16:21:47','2019-10-14 16:21:47',NULL,NULL),('00001PH9EI1AH0000A0X','00001F493WJRC0000A00','00001PH9EI00U0000A0N','00001PE9XWVQT0000A06','同步任务2',NULL,'2019-10-14 16:21:47','2019-10-14 16:21:47',NULL,NULL),('00001PH9EI1LM0000A0Z','00001F493WJRC0000A00','00001PH9EI00U0000A0N','00001P804UKV70000A0K','聚合',NULL,'2019-10-14 16:21:47','2019-10-14 16:21:47',NULL,NULL),('00001PH9EI1X70000A11','00001F493WJRC0000A00','00001PH9EI00U0000A0N','00001P8H91ONT0000A01','决策节点',NULL,'2019-10-14 16:21:47','2019-10-14 16:21:47',NULL,NULL),('00001PH9EI2720000A14','00001F493WJRC0000A00','00001PH9EI00U0000A0N','00001P80460T60000A0D','结束',NULL,'2019-10-14 16:21:47','2019-10-14 16:21:47',NULL,NULL),('00001PH9G5LF20000A03','00001F493WJRC0000A00','00001PH9G5LC90000A02','00001P803JD1X0000A0B','开始',NULL,'2019-10-14 16:27:47','2019-10-14 16:27:47',NULL,NULL),('00001PH9G5LXX0000A04','00001F493WJRC0000A00','00001PH9G5LC90000A02','00001P85PU9KI0000A04','同步任务1',NULL,'2019-10-14 16:27:47','2019-10-14 16:27:47',NULL,NULL),('00001PH9G5MBF0000A06','00001F493WJRC0000A00','00001PH9G5LC90000A02','00001P80DSVHH0000A0P','并行任务',NULL,'2019-10-14 16:27:47','2019-10-14 16:27:47',NULL,NULL),('00001PH9G5MNN0000A08','00001F493WJRC0000A00','00001PH9G5LC90000A02','00001P804PK5Z0000A0G','异步任务1',NULL,'2019-10-14 16:27:47','2019-10-14 16:27:47',NULL,NULL),('00001PH9G5MP50000A0A','00001F493WJRC0000A00','00001PH9G5LC90000A02','00001P804TAWG0000A0J','异步任务2',NULL,'2019-10-14 16:27:47','2019-10-14 16:27:47',NULL,NULL),('00001PH9G5NC20000A0C','00001F493WJRC0000A00','00001PH9G5LC90000A02','00001PE9XWVQT0000A06','同步任务2',NULL,'2019-10-14 16:27:47','2019-10-14 16:27:48',NULL,NULL),('00001PH9G5PXJ0000A0E','00001F493WJRC0000A00','00001PH9G5LC90000A02','00001P804UKV70000A0K','聚合',NULL,'2019-10-14 16:27:48','2019-10-14 16:27:48',NULL,NULL),('00001PH9G5Q6B0000A0G','00001F493WJRC0000A00','00001PH9G5LC90000A02','00001P8H91ONT0000A01','决策节点',NULL,'2019-10-14 16:27:48','2019-10-14 16:27:48',NULL,NULL),('00001PH9G5QJ60000A0J','00001F493WJRC0000A00','00001PH9G5LC90000A02','00001P80460T60000A0D','结束',NULL,'2019-10-14 16:27:48','2019-10-14 16:27:48',NULL,NULL),('00001PH9G87SP0000A0M','00001F493WJRC0000A00','00001PH9G87RU0000A0L','00001P803JD1X0000A0B','开始',NULL,'2019-10-14 16:28:03','2019-10-14 16:28:03',NULL,NULL),('00001PH9G87U70000A0N','00001F493WJRC0000A00','00001PH9G87RU0000A0L','00001PH6M52GD0000A05','节点NaN',NULL,'2019-10-14 16:28:03','2019-10-14 16:28:03',NULL,NULL),('00001PH9G883E0000A0P','00001F493WJRC0000A00','00001PH9G87RU0000A0L','00001P80DSVHH0000A0P','并行任务',NULL,'2019-10-14 16:28:03','2019-10-14 16:28:03',NULL,NULL),('00001PH9G88EZ0000A0R','00001F493WJRC0000A00','00001PH9G87RU0000A0L','00001P804PK5Z0000A0G','异步任务1',NULL,'2019-10-14 16:28:03','2019-10-14 16:28:03',NULL,NULL),('00001PH9G88FU0000A0T','00001F493WJRC0000A00','00001PH9G87RU0000A0L','00001P804TAWG0000A0J','异步任务2',NULL,'2019-10-14 16:28:03','2019-10-14 16:28:03',NULL,NULL),('00001PH9G891P0000A0V','00001F493WJRC0000A00','00001PH9G87RU0000A0L','00001PE9XWVQT0000A06','同步任务2',NULL,'2019-10-14 16:28:03','2019-10-14 16:28:03',NULL,NULL),('00001PH9G89DH0000A0X','00001F493WJRC0000A00','00001PH9G87RU0000A0L','00001P804UKV70000A0K','聚合',NULL,'2019-10-14 16:28:03','2019-10-14 16:28:03',NULL,NULL),('00001PH9G89PX0000A0Z','00001F493WJRC0000A00','00001PH9G87RU0000A0L','00001P8H91ONT0000A01','决策节点',NULL,'2019-10-14 16:28:03','2019-10-14 16:28:03',NULL,NULL),('00001PH9G8A3N0000A12','00001F493WJRC0000A00','00001PH9G87RU0000A0L','00001P8FXS5H80000A01','同步任务3',NULL,'2019-10-14 16:28:03','2019-10-14 16:28:03',NULL,NULL),('00001PH9G8AF70000A14','00001F493WJRC0000A00','00001PH9G87RU0000A0L','00001P80460T60000A0D','结束',NULL,'2019-10-14 16:28:03','2019-10-14 16:28:03',NULL,NULL),('00001PHA16IGN0000A03','00001F493WJRC0000A00','00001PHA16IE20000A02','00001P803JD1X0000A0B','开始',NULL,'2019-10-14 17:44:04','2019-10-14 17:44:04',NULL,NULL),('00001PHA16IWP0000A04','00001F493WJRC0000A00','00001PHA16IE20000A02','00001PH6M52GD0000A05','节点NaN',NULL,'2019-10-14 17:44:04','2019-10-14 17:44:05',NULL,NULL),('00001PHA16QES0000A06','00001F493WJRC0000A00','00001PHA16IE20000A02','00001P80DSVHH0000A0P','并行任务',NULL,'2019-10-14 17:44:05','2019-10-14 17:44:05',NULL,NULL),('00001PHA16QNK0000A08','00001F493WJRC0000A00','00001PHA16IE20000A02','00001P804PK5Z0000A0G','异步任务1',NULL,'2019-10-14 17:44:05','2019-10-14 17:44:06',NULL,NULL),('00001PHA16QOM0000A0A','00001F493WJRC0000A00','00001PHA16IE20000A02','00001P804TAWG0000A0J','异步任务2',NULL,'2019-10-14 17:44:05','2019-10-14 17:44:06',NULL,NULL),('00001PHA16TS30000A0C','00001F493WJRC0000A00','00001PHA16IE20000A02','00001PE9XWVQT0000A06','同步任务2',NULL,'2019-10-14 17:44:06','2019-10-14 17:44:06',NULL,NULL),('00001PHA16U250000A0E','00001F493WJRC0000A00','00001PHA16IE20000A02','00001P804UKV70000A0K','聚合',NULL,'2019-10-14 17:44:06','2019-10-14 17:44:06',NULL,NULL),('00001PHA16UCV0000A0G','00001F493WJRC0000A00','00001PHA16IE20000A02','00001P8H91ONT0000A01','决策节点',NULL,'2019-10-14 17:44:06','2019-10-14 17:44:06',NULL,NULL),('00001PHA16UO10000A0J','00001F493WJRC0000A00','00001PHA16IE20000A02','00001P8FXS5H80000A01','同步任务3',NULL,'2019-10-14 17:44:06','2019-10-14 17:44:06',NULL,NULL),('00001PHA16UWT0000A0L','00001F493WJRC0000A00','00001PHA16IE20000A02','00001P80460T60000A0D','结束',NULL,'2019-10-14 17:44:06','2019-10-14 17:44:06',NULL,NULL);
/*!40000 ALTER TABLE `wftins` ENABLE KEYS */;
UNLOCK TABLES;
/*!40103 SET TIME_ZONE=@OLD_TIME_ZONE */;

/*!40101 SET SQL_MODE=@OLD_SQL_MODE */;
/*!40014 SET FOREIGN_KEY_CHECKS=@OLD_FOREIGN_KEY_CHECKS */;
/*!40014 SET UNIQUE_CHECKS=@OLD_UNIQUE_CHECKS */;
/*!40101 SET CHARACTER_SET_CLIENT=@OLD_CHARACTER_SET_CLIENT */;
/*!40101 SET CHARACTER_SET_RESULTS=@OLD_CHARACTER_SET_RESULTS */;
/*!40101 SET COLLATION_CONNECTION=@OLD_COLLATION_CONNECTION */;
/*!40111 SET SQL_NOTES=@OLD_SQL_NOTES */;

-- Dump completed on 2019-10-14 17:55:42
