-- MySQL dump 10.13  Distrib 8.0.17, for Win64 (x86_64)
--
-- Host: localhost    Database: fastdev
-- ------------------------------------------------------
-- Server version	8.0.17

/*!40101 SET @OLD_CHARACTER_SET_CLIENT=@@CHARACTER_SET_CLIENT */;
/*!40101 SET @OLD_CHARACTER_SET_RESULTS=@@CHARACTER_SET_RESULTS */;
/*!40101 SET @OLD_COLLATION_CONNECTION=@@COLLATION_CONNECTION */;
/*!50503 SET NAMES utf8 */;
/*!40103 SET @OLD_TIME_ZONE=@@TIME_ZONE */;
/*!40103 SET TIME_ZONE='+00:00' */;
/*!40014 SET @OLD_UNIQUE_CHECKS=@@UNIQUE_CHECKS, UNIQUE_CHECKS=0 */;
/*!40014 SET @OLD_FOREIGN_KEY_CHECKS=@@FOREIGN_KEY_CHECKS, FOREIGN_KEY_CHECKS=0 */;
/*!40101 SET @OLD_SQL_MODE=@@SQL_MODE, SQL_MODE='NO_AUTO_VALUE_ON_ZERO' */;
/*!40111 SET @OLD_SQL_NOTES=@@SQL_NOTES, SQL_NOTES=0 */;

--
-- Table structure for table `wffins`
--

DROP TABLE IF EXISTS `wffins`;
/*!40101 SET @saved_cs_client     = @@character_set_client */;
/*!50503 SET character_set_client = utf8mb4 */;
CREATE TABLE `wffins` (
  `ID` char(20) NOT NULL,
  `ServiceID` char(20) DEFAULT NULL,
  `FLOWID` char(20) DEFAULT NULL,
  `DATAID` char(20) NOT NULL,
  `NAME` varchar(200) NOT NULL,
  `STATUS` int(11) NOT NULL,
  `CTASKID` char(20) DEFAULT NULL,
  `CTASKNAME` char(20) DEFAULT NULL,
  `CTASKMEMO` varchar(255) DEFAULT NULL,
  `CUSER` char(8) DEFAULT NULL,
  `CDATE` datetime NOT NULL,
  `EDATE` datetime DEFAULT NULL,
  `WORKNAME` varchar(255) DEFAULT NULL,
  `MONITOR` varchar(255) DEFAULT NULL,
  `CMUSER` varchar(255) DEFAULT NULL,
  `DEADLINE` datetime DEFAULT NULL,
  `OFFICALDATE` datetime DEFAULT NULL,
  `LOCKFLAG` int(11) DEFAULT NULL,
  `TOPFLAG` int(11) DEFAULT NULL,
  PRIMARY KEY (`ID`)
) ENGINE=InnoDB DEFAULT CHARSET=utf8;
/*!40101 SET character_set_client = @saved_cs_client */;

--
-- Dumping data for table `wffins`
--

LOCK TABLES `wffins` WRITE;
/*!40000 ALTER TABLE `wffins` DISABLE KEYS */;
INSERT INTO `wffins` VALUES ('00001PF3B514G0000A06','00001PF1OUJQJ0000A01','00001F493WJRC0000A00','1234','1234',2,NULL,NULL,NULL,NULL,'2019-10-07 14:22:15','2019-10-07 14:22:16',NULL,NULL,NULL,NULL,NULL,NULL,NULL),('00001PF3B72DZ0000A0Q','00001PF1OUJQJ0000A01','00001PF1YBWTK0000A01','1234','1234',2,NULL,NULL,NULL,NULL,'2019-10-07 14:22:27','2019-10-07 14:22:27',NULL,NULL,NULL,NULL,NULL,NULL,NULL);
/*!40000 ALTER TABLE `wffins` ENABLE KEYS */;
UNLOCK TABLES;

--
-- Table structure for table `wfflow`
--

DROP TABLE IF EXISTS `wfflow`;
/*!40101 SET @saved_cs_client     = @@character_set_client */;
/*!50503 SET character_set_client = utf8mb4 */;
CREATE TABLE `wfflow` (
  `ID` char(20) NOT NULL,
  `serviceid` varchar(20) NOT NULL,
  `CUSER` varchar(8) NOT NULL,
  `CDATE` datetime NOT NULL,
  `version` int(11) DEFAULT '1',
  `released` int(11) DEFAULT '0',
  `releasedate` datetime DEFAULT NULL,
  `istemplate` int(11) DEFAULT '1',
  `baseflowid` varchar(20) DEFAULT '',
  PRIMARY KEY (`ID`),
  UNIQUE KEY `index_wfflow_idversion` (`ID`,`version`)
) ENGINE=InnoDB DEFAULT CHARSET=utf8;
/*!40101 SET character_set_client = @saved_cs_client */;

--
-- Dumping data for table `wfflow`
--

LOCK TABLES `wfflow` WRITE;
/*!40000 ALTER TABLE `wfflow` DISABLE KEYS */;
INSERT INTO `wfflow` VALUES ('00001F493WJRC0000A00','00001PF1OUJQJ0000A01','00000000','2019-09-14 09:45:32',1,1,'2019-10-07 11:24:35',1,''),('00001PF1YBWTK0000A01','00001PF1OUJQJ0000A01','00000000','2019-09-14 09:45:32',2,1,'2019-10-07 13:20:23',1,'');
/*!40000 ALTER TABLE `wfflow` ENABLE KEYS */;
UNLOCK TABLES;

--
-- Table structure for table `wflink`
--

DROP TABLE IF EXISTS `wflink`;
/*!40101 SET @saved_cs_client     = @@character_set_client */;
/*!50503 SET character_set_client = utf8mb4 */;
CREATE TABLE `wflink` (
  `ID` char(20) NOT NULL,
  `FLOWID` char(20) DEFAULT NULL,
  `BEGINTASKID` char(20) NOT NULL,
  `ENDTASKID` char(20) NOT NULL,
  `PRIORITY` int(11) NOT NULL DEFAULT '0',
  `MEMO` varchar(200) DEFAULT NULL,
  `LINETYPE` varchar(255) DEFAULT NULL,
  `FILTER` varchar(1024) NOT NULL DEFAULT '',
  PRIMARY KEY (`ID`)
) ENGINE=InnoDB DEFAULT CHARSET=utf8;
/*!40101 SET character_set_client = @saved_cs_client */;

--
-- Dumping data for table `wflink`
--

LOCK TABLES `wflink` WRITE;
/*!40000 ALTER TABLE `wflink` DISABLE KEYS */;
INSERT INTO `wflink` VALUES ('00001P80DWBN90000A0R','00001F493WJRC0000A00','00001P80DSVHH0000A0P','00001P804TAWG0000A0J',0,NULL,NULL,''),('00001P80DWBNP0000A0S','00001F493WJRC0000A00','00001P80DSVHH0000A0P','00001P804PK5Z0000A0G',0,NULL,NULL,''),('00001P80DWBNX0000A0T','00001F493WJRC0000A00','00001P804PK5Z0000A0G','00001P804UKV70000A0K',0,NULL,NULL,''),('00001P8FXV0TF0000A03','00001F493WJRC0000A00','00001P8FXS5H80000A01','00001P80460T60000A0D',0,NULL,NULL,''),('00001P8H9D14V0000A03','00001F493WJRC0000A00','00001P804UKV70000A0K','00001P8H91ONT0000A01',0,NULL,NULL,''),('00001P8H9D15X0000A04','00001F493WJRC0000A00','00001P8H91ONT0000A01','00001P8FXS5H80000A01',5,NULL,NULL,'{\"ChildFilters\":[{\"ChildFilters\":null,\"And\":false,\"OperateMode\":3,\"Not\":false,\"FilterName\":\"dataid\",\"FilterValue\":1234,\"FilterDisplay\":null}],\"And\":true,\"OperateMode\":0,\"Not\":false,\"FilterName\":null,\"FilterValue\":null,\"FilterDisplay\":\"\"}'),('00001P8H9D1650000A05','00001F493WJRC0000A00','00001P8H91ONT0000A01','00001P80460T60000A0D',4,NULL,NULL,''),('00001PE7Z055O0000A01','00001F493WJRC0000A00','00001P803JD1X0000A0B','00001P85PU9KI0000A04',0,NULL,NULL,''),('00001PE9UL9NW0000A05','00001F493WJRC0000A00','00001P85PU9KI0000A04','00001P80DSVHH0000A0P',0,NULL,NULL,''),('00001PE9XY8JU0000A07','00001F493WJRC0000A00','00001P804TAWG0000A0J','00001PE9XWVQT0000A06',0,NULL,NULL,''),('00001PE9XY8KH0000A08','00001F493WJRC0000A00','00001PE9XWVQT0000A06','00001P804UKV70000A0K',0,NULL,NULL,''),('00001PF28RQCR0000A0I','00001PF1YBWTK0000A01','00001PF21G8IO0000A02','00001PF28Q0F40000A0G',0,NULL,NULL,''),('00001PF28RQCY0000A0J','00001PF1YBWTK0000A01','00001PF28Q0F40000A0G','00001PF21GHPM0000A03',0,NULL,NULL,'');
/*!40000 ALTER TABLE `wflink` ENABLE KEYS */;
UNLOCK TABLES;

--
-- Table structure for table `wfoins`
--

DROP TABLE IF EXISTS `wfoins`;
/*!40101 SET @saved_cs_client     = @@character_set_client */;
/*!50503 SET character_set_client = utf8mb4 */;
CREATE TABLE `wfoins` (
  `ID` char(20) NOT NULL,
  `FLOWID` char(20) NOT NULL,
  `FINSID` char(20) NOT NULL,
  `TASKID` char(20) NOT NULL,
  `TINSID` char(20) DEFAULT NULL,
  `USERID` varchar(20) DEFAULT NULL,
  `OMEMO` varchar(255) DEFAULT NULL,
  `OCMD` char(20) DEFAULT NULL,
  `SDATE` datetime DEFAULT NULL,
  `EDATE` datetime DEFAULT NULL,
  `TYPE` varchar(255) DEFAULT NULL,
  `FUSERID` varchar(255) DEFAULT NULL,
  `DEADLINE` datetime DEFAULT NULL,
  `LASTALERT` datetime DEFAULT NULL,
  `ISHASTEN` int(11) DEFAULT NULL,
  `ALARMNUMS` decimal(18,6) DEFAULT NULL,
  `OCMDDIS` varchar(255) DEFAULT NULL,
  `TAG` varchar(40) DEFAULT NULL,
  `OMEMOTYPE` varchar(255) DEFAULT NULL,
  PRIMARY KEY (`ID`)
) ENGINE=InnoDB DEFAULT CHARSET=utf8;
/*!40101 SET character_set_client = @saved_cs_client */;

--
-- Dumping data for table `wfoins`
--

LOCK TABLES `wfoins` WRITE;
/*!40000 ALTER TABLE `wfoins` DISABLE KEYS */;
/*!40000 ALTER TABLE `wfoins` ENABLE KEYS */;
UNLOCK TABLES;

--
-- Table structure for table `wfservice`
--

DROP TABLE IF EXISTS `wfservice`;
/*!40101 SET @saved_cs_client     = @@character_set_client */;
/*!50503 SET character_set_client = utf8mb4 */;
CREATE TABLE `wfservice` (
  `id` char(20) NOT NULL,
  `cuser` varchar(8) NOT NULL,
  `cdate` datetime NOT NULL,
  `name` varchar(255) DEFAULT NULL,
  `orderid` int(11) DEFAULT NULL,
  `currentflowid` varchar(20) NOT NULL DEFAULT '',
  PRIMARY KEY (`id`)
) ENGINE=InnoDB DEFAULT CHARSET=utf8;
/*!40101 SET character_set_client = @saved_cs_client */;

--
-- Dumping data for table `wfservice`
--

LOCK TABLES `wfservice` WRITE;
/*!40000 ALTER TABLE `wfservice` DISABLE KEYS */;
INSERT INTO `wfservice` VALUES ('00001PF1OUJQJ0000A01','00000000','2019-09-14 09:45:32','测试流程',1,'00001PF1YBWTK0000A01');
/*!40000 ALTER TABLE `wfservice` ENABLE KEYS */;
UNLOCK TABLES;

--
-- Table structure for table `wftask`
--

DROP TABLE IF EXISTS `wftask`;
/*!40101 SET @saved_cs_client     = @@character_set_client */;
/*!50503 SET character_set_client = utf8mb4 */;
CREATE TABLE `wftask` (
  `ID` char(20) NOT NULL,
  `FLOWID` char(20) NOT NULL,
  `NAME` varchar(200) NOT NULL,
  `TYPE` varchar(20) NOT NULL,
  `X` varchar(255) NOT NULL,
  `Y` varchar(255) NOT NULL,
  `MEMO` varchar(255) DEFAULT NULL,
  `ORDERID` decimal(18,6) DEFAULT NULL,
  PRIMARY KEY (`ID`)
) ENGINE=InnoDB DEFAULT CHARSET=utf8;
/*!40101 SET character_set_client = @saved_cs_client */;

--
-- Dumping data for table `wftask`
--

LOCK TABLES `wftask` WRITE;
/*!40000 ALTER TABLE `wftask` DISABLE KEYS */;
INSERT INTO `wftask` VALUES ('00001P803JD1X0000A0B','00001F493WJRC0000A00','开始','1','26px','8px',NULL,NULL),('00001P80460T60000A0D','00001F493WJRC0000A00','结束','2','1059px','226px',NULL,NULL),('00001P804PK5Z0000A0G','00001F493WJRC0000A00','异步任务1','4','295px','318px',NULL,NULL),('00001P804TAWG0000A0J','00001F493WJRC0000A00','异步任务2','4','234px','136px',NULL,NULL),('00001P804UKV70000A0K','00001F493WJRC0000A00','聚合','6','538px','223px',NULL,NULL),('00001P80DSVHH0000A0P','00001F493WJRC0000A00','并行任务','5','22px','220px',NULL,NULL),('00001P85PU9KI0000A04','00001F493WJRC0000A00','同步任务1','3','20px','116px',NULL,NULL),('00001P8FXS5H80000A01','00001F493WJRC0000A00','同步任务3','3','847px','183px',NULL,NULL),('00001P8H91ONT0000A01','00001F493WJRC0000A00','决策节点','7','693px','226px',NULL,NULL),('00001PE9XWVQT0000A06','00001F493WJRC0000A00','同步任务2','3','397px','134px',NULL,NULL),('00001PF21G8IO0000A02','00001PF1YBWTK0000A01','开始','1','112px','130px',NULL,NULL),('00001PF21GHPM0000A03','00001PF1YBWTK0000A01','结束','2','983px','123px',NULL,NULL),('00001PF28Q0F40000A0G','00001PF1YBWTK0000A01','123','3','565px','292px',NULL,NULL);
/*!40000 ALTER TABLE `wftask` ENABLE KEYS */;
UNLOCK TABLES;

--
-- Table structure for table `wftdata`
--

DROP TABLE IF EXISTS `wftdata`;
/*!40101 SET @saved_cs_client     = @@character_set_client */;
/*!50503 SET character_set_client = utf8mb4 */;
CREATE TABLE `wftdata` (
  `ID` char(20) NOT NULL,
  `FLOWID` char(20) NOT NULL,
  `FINSID` char(20) DEFAULT NULL,
  `TASKID` char(20) NOT NULL,
  `TINSID` char(20) NOT NULL,
  `CDATE` datetime DEFAULT NULL,
  `JSONDATA` varchar(255) DEFAULT NULL,
  PRIMARY KEY (`ID`)
) ENGINE=InnoDB DEFAULT CHARSET=utf8;
/*!40101 SET character_set_client = @saved_cs_client */;

--
-- Dumping data for table `wftdata`
--

LOCK TABLES `wftdata` WRITE;
/*!40000 ALTER TABLE `wftdata` DISABLE KEYS */;
INSERT INTO `wftdata` VALUES ('00001PEMCJ30X0000A35','00001F493WJRC0000A00','00001PEMCIXVA0000A2P','00001P8H91ONT0000A01','00001PEMCJ2FH0000A33','2019-10-06 01:26:58','{\"dataid\":\"1234\"}'),('00001PEMCOE8G0000A3N','00001F493WJRC0000A00','00001PEMCO8PZ0000A37','00001P8H91ONT0000A01','00001PEMCODJL0000A3L','2019-10-06 01:27:30','{\"dataid\":\"1234\"}'),('00001PF39RAL60000A0H','00001F493WJRC0000A00','00001PF39R1J50000A01','00001P8H91ONT0000A01','00001PF39R9V80000A0F','2019-10-07 14:17:14','{\"dataid\":\"1234\"}'),('00001PF3B58OG0000A0M','00001F493WJRC0000A00','00001PF3B514G0000A06','00001P8H91ONT0000A01','00001PF3B582D0000A0K','2019-10-07 14:22:16','{\"dataid\":\"1234\"}');
/*!40000 ALTER TABLE `wftdata` ENABLE KEYS */;
UNLOCK TABLES;

--
-- Table structure for table `wftevent`
--

DROP TABLE IF EXISTS `wftevent`;
/*!40101 SET @saved_cs_client     = @@character_set_client */;
/*!50503 SET character_set_client = utf8mb4 */;
CREATE TABLE `wftevent` (
  `ID` char(20) NOT NULL,
  `FLOWID` char(20) NOT NULL,
  `FINSID` char(20) NOT NULL,
  `TASKID` char(20) NOT NULL,
  `status` int(11) NOT NULL DEFAULT '0',
  `cdate` datetime NOT NULL,
  `processdate` datetime DEFAULT NULL,
  `dataid` varchar(20) DEFAULT NULL,
  `tinsid` varchar(20) NOT NULL,
  `waitcallback` int(11) NOT NULL DEFAULT '0',
  `callbackdate` datetime DEFAULT NULL
) ENGINE=InnoDB DEFAULT CHARSET=utf8;
/*!40101 SET character_set_client = @saved_cs_client */;

--
-- Dumping data for table `wftevent`
--

LOCK TABLES `wftevent` WRITE;
/*!40000 ALTER TABLE `wftevent` DISABLE KEYS */;
INSERT INTO `wftevent` VALUES ('00001PF3B51TQ0000A09','00001F493WJRC0000A00','00001PF3B514G0000A06','00001P85PU9KI0000A04',1,'2019-10-07 14:22:15','2019-10-07 14:22:15',NULL,'00001PF3B517V0000A08',0,NULL),('00001PF3B53LT0000A0B','00001F493WJRC0000A00','00001PF3B514G0000A06','00001P80DSVHH0000A0P',1,'2019-10-07 14:22:15','2019-10-07 14:22:15',NULL,'00001PF3B53KR0000A0A',0,NULL),('00001PF3B54AP0000A0D','00001F493WJRC0000A00','00001PF3B514G0000A06','00001P804PK5Z0000A0G',1,'2019-10-07 14:22:15','2019-10-07 14:22:15',NULL,'00001PF3B54A90000A0C',0,'2019-10-07 14:22:15'),('00001PF3B54BJ0000A0F','00001F493WJRC0000A00','00001PF3B514G0000A06','00001P804TAWG0000A0J',1,'2019-10-07 14:22:15','2019-10-07 14:22:15',NULL,'00001PF3B54B40000A0E',0,'2019-10-07 14:22:16'),('00001PF3B56CU0000A0H','00001F493WJRC0000A00','00001PF3B514G0000A06','00001PE9XWVQT0000A06',1,'2019-10-07 14:22:16','2019-10-07 14:22:16',NULL,'00001PF3B56C70000A0G',0,NULL),('00001PF3B57ES0000A0J','00001F493WJRC0000A00','00001PF3B514G0000A06','00001P804UKV70000A0K',1,'2019-10-07 14:22:16','2019-10-07 14:22:16',NULL,'00001PF3B57E50000A0I',0,NULL),('00001PF3B582S0000A0L','00001F493WJRC0000A00','00001PF3B514G0000A06','00001P8H91ONT0000A01',1,'2019-10-07 14:22:16','2019-10-07 14:22:16',NULL,'00001PF3B582D0000A0K',0,NULL),('00001PF3B59L80000A0O','00001F493WJRC0000A00','00001PF3B514G0000A06','00001P8FXS5H80000A01',1,'2019-10-07 14:22:16','2019-10-07 14:22:16',NULL,'00001PF3B59KL0000A0N',0,NULL),('00001PF3B72J40000A0T','00001PF1YBWTK0000A01','00001PF3B72DZ0000A0Q','00001PF28Q0F40000A0G',1,'2019-10-07 14:22:27','2019-10-07 14:22:27',NULL,'00001PF3B72IH0000A0S',0,NULL);
/*!40000 ALTER TABLE `wftevent` ENABLE KEYS */;
UNLOCK TABLES;

--
-- Table structure for table `wftins`
--

DROP TABLE IF EXISTS `wftins`;
/*!40101 SET @saved_cs_client     = @@character_set_client */;
/*!50503 SET character_set_client = utf8mb4 */;
CREATE TABLE `wftins` (
  `ID` char(20) NOT NULL,
  `FLOWID` char(20) NOT NULL,
  `FINSID` char(20) DEFAULT NULL,
  `TASKID` char(20) NOT NULL,
  `TASKNAME` varchar(200) NOT NULL,
  `PRETASKID` char(20) DEFAULT NULL,
  `SDATE` datetime DEFAULT NULL,
  `EDATE` datetime DEFAULT NULL,
  `MEMO` varchar(255) DEFAULT NULL,
  `DEADLINE` datetime DEFAULT NULL,
  PRIMARY KEY (`ID`)
) ENGINE=InnoDB DEFAULT CHARSET=utf8;
/*!40101 SET character_set_client = @saved_cs_client */;

--
-- Dumping data for table `wftins`
--

LOCK TABLES `wftins` WRITE;
/*!40000 ALTER TABLE `wftins` DISABLE KEYS */;
INSERT INTO `wftins` VALUES ('00001PF3B515Y0000A07','00001F493WJRC0000A00','00001PF3B514G0000A06','00001P803JD1X0000A0B','开始',NULL,'2019-10-07 14:22:15','2019-10-07 14:22:15',NULL,NULL),('00001PF3B517V0000A08','00001F493WJRC0000A00','00001PF3B514G0000A06','00001P85PU9KI0000A04','同步任务1',NULL,'2019-10-07 14:22:15','2019-10-07 14:22:15',NULL,NULL),('00001PF3B53KR0000A0A','00001F493WJRC0000A00','00001PF3B514G0000A06','00001P80DSVHH0000A0P','并行任务',NULL,'2019-10-07 14:22:15','2019-10-07 14:22:15',NULL,NULL),('00001PF3B54A90000A0C','00001F493WJRC0000A00','00001PF3B514G0000A06','00001P804PK5Z0000A0G','异步任务1',NULL,'2019-10-07 14:22:15','2019-10-07 14:22:15',NULL,NULL),('00001PF3B54B40000A0E','00001F493WJRC0000A00','00001PF3B514G0000A06','00001P804TAWG0000A0J','异步任务2',NULL,'2019-10-07 14:22:15','2019-10-07 14:22:16',NULL,NULL),('00001PF3B56C70000A0G','00001F493WJRC0000A00','00001PF3B514G0000A06','00001PE9XWVQT0000A06','同步任务2',NULL,'2019-10-07 14:22:16','2019-10-07 14:22:16',NULL,NULL),('00001PF3B57E50000A0I','00001F493WJRC0000A00','00001PF3B514G0000A06','00001P804UKV70000A0K','聚合',NULL,'2019-10-07 14:22:16','2019-10-07 14:22:16',NULL,NULL),('00001PF3B582D0000A0K','00001F493WJRC0000A00','00001PF3B514G0000A06','00001P8H91ONT0000A01','决策节点',NULL,'2019-10-07 14:22:16','2019-10-07 14:22:16',NULL,NULL),('00001PF3B59KL0000A0N','00001F493WJRC0000A00','00001PF3B514G0000A06','00001P8FXS5H80000A01','同步任务3',NULL,'2019-10-07 14:22:16','2019-10-07 14:22:16',NULL,NULL),('00001PF3B5ABT0000A0P','00001F493WJRC0000A00','00001PF3B514G0000A06','00001P80460T60000A0D','结束',NULL,'2019-10-07 14:22:16','2019-10-07 14:22:16',NULL,NULL),('00001PF3B72FW0000A0R','00001PF1YBWTK0000A01','00001PF3B72DZ0000A0Q','00001PF21G8IO0000A02','开始',NULL,'2019-10-07 14:22:27','2019-10-07 14:22:27',NULL,NULL),('00001PF3B72IH0000A0S','00001PF1YBWTK0000A01','00001PF3B72DZ0000A0Q','00001PF28Q0F40000A0G','123',NULL,'2019-10-07 14:22:27','2019-10-07 14:22:27',NULL,NULL),('00001PF3B73BN0000A0U','00001PF1YBWTK0000A01','00001PF3B72DZ0000A0Q','00001PF21GHPM0000A03','结束',NULL,'2019-10-07 14:22:27','2019-10-07 14:22:27',NULL,NULL);
/*!40000 ALTER TABLE `wftins` ENABLE KEYS */;
UNLOCK TABLES;
/*!40103 SET TIME_ZONE=@OLD_TIME_ZONE */;

/*!40101 SET SQL_MODE=@OLD_SQL_MODE */;
/*!40014 SET FOREIGN_KEY_CHECKS=@OLD_FOREIGN_KEY_CHECKS */;
/*!40014 SET UNIQUE_CHECKS=@OLD_UNIQUE_CHECKS */;
/*!40101 SET CHARACTER_SET_CLIENT=@OLD_CHARACTER_SET_CLIENT */;
/*!40101 SET CHARACTER_SET_RESULTS=@OLD_CHARACTER_SET_RESULTS */;
/*!40101 SET COLLATION_CONNECTION=@OLD_COLLATION_CONNECTION */;
/*!40111 SET SQL_NOTES=@OLD_SQL_NOTES */;

-- Dump completed on 2019-10-07 14:56:58
